longitude,latitude,fishing activity 2018_unreported_fishing,species richness 2018,stocks richness 2018,clusterid,risk
13.22,45.53,45.74999999999998,367.0,45.0,2.0,High
12.72,45.03,9413.08333333334,290.0,45.0,0.0,Very High
13.22,45.03,3044.583333333331,348.0,57.0,0.0,Very High
14.22,45.03,466.9166666666665,318.0,50.0,2.0,High
12.72,44.53,9074.749999999989,266.0,42.0,0.0,Very High
13.22,44.53,2958.999999999999,359.0,57.0,0.0,Very High
13.72,44.53,1042.6666666666638,420.0,57.0,0.0,Very High
14.22,44.53,281.0833333333334,382.0,54.0,1.0,Very High
14.72,44.53,172.00000000000006,360.0,50.0,1.0,Very High
8.22,44.03,278.50000000000017,377.0,44.0,2.0,High
8.72,44.03,343.83333333333417,399.0,54.0,1.0,Very High
9.22,44.03,2879.5000000000077,424.0,56.0,0.0,Very High
9.72,44.03,246.16666666666623,383.0,48.0,1.0,Very High
12.72,44.03,1732.249999999998,339.0,44.0,0.0,Very High
13.22,44.03,516.8333333333336,288.0,47.0,2.0,High
13.72,44.03,816.333333333332,261.0,48.0,2.0,High
14.22,44.03,354.333333333333,303.0,51.0,2.0,High
14.72,44.03,258.9166666666667,438.0,60.0,1.0,Very High
15.22,44.03,816.6666666666677,446.0,59.0,0.0,Very High
7.22,43.53,2.8333333333333344,470.0,54.0,1.0,Very High
7.72,43.53,635.4166666666665,471.0,58.0,0.0,Very High
8.22,43.53,512.9999999999999,380.0,55.0,1.0,Very High
8.72,43.53,0.0,123.0,15.0,5.0,Very Low
9.22,43.53,1.4166666666666676,259.0,48.0,2.0,High
9.72,43.53,111.16666666666657,462.0,60.0,1.0,Very High
10.22,43.53,100.00000000000004,410.0,52.0,1.0,Very High
13.72,43.53,1566.7500000000016,366.0,54.0,0.0,Very High
14.22,43.53,775.6666666666662,277.0,48.0,2.0,High
14.72,43.53,316.5833333333324,275.0,53.0,2.0,High
15.22,43.53,891.583333333337,437.0,63.0,0.0,Very High
15.72,43.53,456.3333333333332,466.0,64.0,1.0,Very High
3.22,43.03,853.833333333334,431.0,52.0,0.0,Very High
3.72,43.03,3286.2499999999986,474.0,55.0,0.0,Very High
4.22,43.03,4210.583333333328,478.0,60.0,0.0,Very High
4.72,43.03,1643.249999999998,401.0,50.0,0.0,Very High
5.22,43.03,338.2499999999999,599.0,63.0,1.0,Very High
5.72,43.03,26.58333333333336,518.0,55.0,1.0,Very High
6.22,43.03,22.75000000000003,486.0,55.0,1.0,Very High
6.72,43.03,0.0,484.0,56.0,1.0,Very High
7.22,43.03,0.0,168.0,21.0,4.0,Moderate
7.72,43.03,0.0,92.0,18.0,5.0,Very Low
8.22,43.03,0.0,72.0,10.0,5.0,Very Low
8.72,43.03,0.0,96.0,17.0,5.0,Very Low
9.22,43.03,1.9166666666666676,418.0,56.0,1.0,Very High
9.72,43.03,478.7500000000001,366.0,56.0,1.0,Very High
10.22,43.03,684.9999999999997,454.0,63.0,0.0,Very High
14.22,43.03,1227.749999999999,269.0,46.0,2.0,High
14.72,43.03,483.833333333333,172.0,37.0,3.0,Moderate
15.22,43.03,573.8333333333337,214.0,41.0,2.0,High
15.72,43.03,1090.1666666666647,313.0,51.0,2.0,High
16.22,43.03,794.4166666666671,458.0,64.0,0.0,Very High
16.72,43.03,98.91666666666664,412.0,60.0,1.0,Very High
17.22,43.03,11.500000000000007,440.0,58.0,1.0,Very High
3.22,42.53,657.0833333333344,460.0,54.0,0.0,Very High
3.72,42.53,605.4999999999994,407.0,52.0,1.0,Very High
4.22,42.53,266.33333333333303,441.0,57.0,1.0,Very High
4.72,42.53,61.166666666666714,411.0,56.0,1.0,Very High
5.22,42.53,9.166666666666668,287.0,45.0,2.0,High
5.72,42.53,0.0,249.0,38.0,3.0,Moderate
6.22,42.53,35.499999999999986,320.0,49.0,2.0,High
6.72,42.53,22.833333333333357,122.0,19.0,4.0,Moderate
7.22,42.53,0.0,80.0,10.0,5.0,Very Low
7.72,42.53,0.0,79.0,11.0,5.0,Very Low
8.22,42.53,0.0,112.0,18.0,4.0,Moderate
9.72,42.53,397.75000000000017,439.0,57.0,1.0,Very High
10.22,42.53,792.4166666666665,427.0,58.0,0.0,Very High
10.72,42.53,1644.8333333333355,400.0,59.0,0.0,Very High
14.22,42.53,4072.0833333333294,423.0,61.0,0.0,Very High
14.72,42.53,1849.0833333333323,238.0,48.0,0.0,Very High
15.22,42.53,1517.8333333333335,190.0,38.0,2.0,High
15.72,42.53,619.4166666666673,142.0,32.0,3.0,Moderate
16.22,42.53,583.083333333334,190.0,40.0,2.0,High
16.72,42.53,65.66666666666667,395.0,61.0,1.0,Very High
17.22,42.53,129.00000000000009,499.0,64.0,1.0,Very High
17.72,42.53,138.6666666666668,501.0,62.0,1.0,Very High
18.22,42.53,30.416666666666693,404.0,58.0,1.0,Very High
3.22,42.03,2542.583333333334,523.0,59.0,0.0,Very High
3.72,42.03,314.50000000000017,366.0,51.0,1.0,Very High
4.22,42.03,0.0,119.0,13.0,5.0,Very Low
4.72,42.03,0.0,92.0,14.0,5.0,Very Low
5.22,42.03,0.0,79.0,13.0,5.0,Very Low
5.72,42.03,0.0,76.0,8.0,5.0,Very Low
6.22,42.03,0.0,79.0,8.0,5.0,Very Low
6.72,42.03,1.583333333333333,83.0,9.0,5.0,Very Low
7.22,42.03,0.0,79.0,8.0,5.0,Very Low
7.72,42.03,0.0,75.0,9.0,5.0,Very Low
8.22,42.03,0.0,118.0,17.0,4.0,Moderate
8.72,42.03,0.0,401.0,50.0,1.0,Very High
9.72,42.03,34.33333333333333,394.0,55.0,1.0,Very High
10.22,42.03,576.5833333333331,282.0,49.0,2.0,High
10.72,42.03,1039.5833333333353,346.0,49.0,2.0,High
11.22,42.03,1448.7499999999993,416.0,53.0,0.0,Very High
11.72,42.03,1474.9166666666663,364.0,44.0,0.0,Very High
15.22,42.03,2045.666666666666,352.0,56.0,0.0,Very High
15.72,42.03,1410.333333333331,221.0,44.0,2.0,High
16.22,42.03,507.0000000000006,200.0,43.0,2.0,High
16.72,42.03,252.00000000000014,204.0,42.0,3.0,Moderate
17.22,42.03,206.75000000000009,258.0,47.0,2.0,High
17.72,42.03,140.91666666666666,297.0,51.0,2.0,High
18.22,42.03,61.41666666666668,400.0,59.0,1.0,Very High
18.72,42.03,97.24999999999989,478.0,64.0,1.0,Very High
2.72,41.53,516.8333333333335,595.0,58.0,0.0,Very High
3.22,41.53,1226.000000000002,633.0,64.0,0.0,Very High
3.72,41.53,61.416666666666664,266.0,45.0,2.0,High
4.22,41.53,0.0,90.0,11.0,5.0,Very Low
4.72,41.53,0.0,85.0,11.0,5.0,Very Low
5.22,41.53,0.0,97.0,11.0,5.0,Very Low
5.72,41.53,0.0,95.0,11.0,5.0,Very Low
6.22,41.53,0.0,93.0,9.0,5.0,Very Low
6.72,41.53,0.0,84.0,9.0,5.0,Very Low
7.22,41.53,0.0,76.0,7.0,5.0,Very Low
7.72,41.53,0.0,73.0,8.0,5.0,Very Low
8.22,41.53,0.0,112.0,16.0,5.0,Very Low
8.72,41.53,0.0,490.0,57.0,1.0,Very High
9.72,41.53,98.66666666666669,305.0,53.0,2.0,High
10.22,41.53,55.08333333333332,184.0,34.0,3.0,Moderate
10.72,41.53,79.74999999999994,106.0,13.0,5.0,Very Low
11.22,41.53,154.08333333333348,162.0,26.0,4.0,Moderate
11.72,41.53,826.5000000000007,390.0,59.0,0.0,Very High
12.22,41.53,1798.3333333333328,566.0,65.0,0.0,Very High
16.22,41.53,922.2500000000002,457.0,59.0,0.0,Very High
16.72,41.53,238.4999999999998,280.0,55.0,2.0,High
17.22,41.53,31.833333333333357,261.0,48.0,2.0,High
17.72,41.53,6.916666666666675,193.0,35.0,3.0,Moderate
18.22,41.53,0.0,236.0,47.0,3.0,Moderate
18.72,41.53,41.66666666666673,378.0,58.0,1.0,Very High
19.22,41.53,34.666666666666686,432.0,61.0,1.0,Very High
1.22,41.03,990.3333333333323,457.0,57.0,0.0,Very High
1.72,41.03,2674.083333333338,619.0,64.0,0.0,Very High
2.22,41.03,1356.666666666667,635.0,66.0,0.0,Very High
2.72,41.03,172.00000000000003,457.0,62.0,1.0,Very High
3.22,41.03,34.666666666666686,325.0,53.0,2.0,High
3.72,41.03,0.0,150.0,23.0,4.0,Moderate
4.22,41.03,0.0,93.0,12.0,5.0,Very Low
4.72,41.03,0.0,89.0,11.0,5.0,Very Low
5.22,41.03,0.0,92.0,11.0,5.0,Very Low
5.72,41.03,0.0,94.0,10.0,5.0,Very Low
6.22,41.03,0.0,87.0,10.0,5.0,Very Low
6.72,41.03,0.0,79.0,7.0,5.0,Very Low
7.22,41.03,2.9166666666666665,78.0,9.0,5.0,Very Low
7.72,41.03,15.4166666666667,87.0,16.0,5.0,Very Low
8.22,41.03,93.5,316.0,52.0,2.0,High
8.72,41.03,404.24999999999983,503.0,56.0,1.0,Very High
9.72,41.03,160.08333333333317,414.0,54.0,1.0,Very High
10.22,41.03,8.166666666666668,162.0,27.0,4.0,Moderate
10.72,41.03,5.833333333333334,115.0,15.0,5.0,Very Low
11.22,41.03,38.66666666666669,61.0,7.0,6.0,Very Low
11.72,41.03,11.166666666666677,107.0,12.0,5.0,Very Low
12.22,41.03,484.41666666666595,426.0,61.0,1.0,Very High
12.72,41.03,1423.9999999999984,636.0,65.0,0.0,Very High
13.22,41.03,1128.6666666666654,500.0,60.0,0.0,Very High
13.72,41.03,1893.0000000000005,431.0,54.0,0.0,Very High
17.22,41.03,597.7500000000008,504.0,60.0,0.0,Very High
17.72,41.03,259.0833333333334,328.0,55.0,2.0,High
18.22,41.03,35.08333333333336,243.0,45.0,3.0,Moderate
18.72,41.03,101.25,336.0,55.0,1.0,Very High
19.22,41.03,63.49999999999998,420.0,61.0,1.0,Very High
28.22,41.03,17.666666666666682,76.0,12.0,5.0,Very Low
0.72,40.53,1181.6666666666658,441.0,52.0,0.0,Very High
1.22,40.53,1241.2499999999968,563.0,63.0,0.0,Very High
1.72,40.53,51.66666666666669,387.0,56.0,1.0,Very High
2.22,40.53,16.166666666666696,178.0,26.0,4.0,Moderate
2.72,40.53,3.750000000000001,95.0,15.0,5.0,Very Low
3.22,40.53,0.0,97.0,15.0,5.0,Very Low
3.72,40.53,1.500000000000001,107.0,23.0,4.0,Moderate
4.22,40.53,0.0,123.0,24.0,4.0,Moderate
4.72,40.53,0.0,114.0,16.0,5.0,Very Low
5.22,40.53,0.0,103.0,17.0,5.0,Very Low
5.72,40.53,0.0,106.0,16.0,5.0,Very Low
6.22,40.53,0.0,113.0,16.0,5.0,Very Low
6.72,40.53,0.0,80.0,9.0,5.0,Very Low
7.22,40.53,1.5000000000000016,71.0,8.0,5.0,Very Low
7.72,40.53,413.7500000000009,213.0,28.0,3.0,Moderate
8.22,40.53,300.99999999999966,498.0,58.0,1.0,Very High
10.22,40.53,97.7499999999999,223.0,37.0,3.0,Moderate
10.72,40.53,0.0,79.0,9.0,5.0,Very Low
11.22,40.53,0.0,62.0,4.0,6.0,Very Low
11.72,40.53,0.0,37.0,2.0,6.0,Very Low
12.22,40.53,81.75,54.0,3.0,6.0,Very Low
12.72,40.53,82.41666666666676,130.0,10.0,5.0,Very Low
13.22,40.53,345.4999999999998,133.0,14.0,5.0,Very Low
13.72,40.53,3434.333333333331,498.0,61.0,0.0,Very High
14.22,40.53,1418.166666666667,651.0,67.0,0.0,Very High
14.72,40.53,247.41666666666663,412.0,49.0,1.0,Very High
18.22,40.53,2242.0000000000005,392.0,49.0,0.0,Very High
18.72,40.53,277.58333333333314,303.0,53.0,2.0,High
19.22,40.53,67.58333333333337,543.0,63.0,1.0,Very High
22.72,40.53,0.0,0.0,0.0,6.0,Very Low
24.22,40.53,131.83333333333326,514.0,61.0,1.0,Very High
24.72,40.53,73.0833333333334,492.0,60.0,1.0,Very High
25.22,40.53,386.3333333333326,467.0,60.0,1.0,Very High
25.72,40.53,1436.666666666665,367.0,53.0,0.0,Very High
26.22,40.53,41.749999999999986,267.0,35.0,3.0,Moderate
26.72,40.53,0.0,0.0,0.0,6.0,Very Low
27.22,40.53,64.99999999999997,139.0,22.0,4.0,Moderate
27.72,40.53,56.5833333333333,146.0,24.0,4.0,Moderate
28.22,40.53,53.91666666666668,92.0,17.0,5.0,Very Low
28.72,40.53,163.33333333333334,97.0,15.0,5.0,Very Low
0.22,40.03,2146.91666666667,405.0,55.0,0.0,Very High
0.72,40.03,2549.083333333331,414.0,59.0,0.0,Very High
1.22,40.03,315.66666666666674,493.0,64.0,1.0,Very High
1.72,40.03,28.916666666666675,182.0,32.0,3.0,Moderate
2.22,40.03,9.166666666666675,103.0,15.0,5.0,Very Low
2.72,40.03,2.5833333333333344,108.0,16.0,5.0,Very Low
3.22,40.03,33.25,313.0,49.0,2.0,High
3.72,40.03,194.41666666666666,466.0,59.0,1.0,Very High
4.22,40.03,7.583333333333335,406.0,54.0,1.0,Very High
4.72,40.03,4.666666666666667,146.0,22.0,4.0,Moderate
5.22,40.03,9.250000000000007,119.0,17.0,4.0,Moderate
5.72,40.03,0.0,92.0,13.0,5.0,Very Low
6.22,40.03,0.0,78.0,7.0,5.0,Very Low
6.72,40.03,0.0,70.0,5.0,6.0,Very Low
7.22,40.03,7.083333333333336,53.0,2.0,6.0,Very Low
7.72,40.03,353.0833333333334,205.0,29.0,3.0,Moderate
8.22,40.03,108.33333333333327,527.0,57.0,1.0,Very High
9.72,40.03,510.4999999999996,360.0,48.0,2.0,High
10.22,40.03,117.99999999999997,210.0,34.0,3.0,Moderate
10.72,40.03,0.0,72.0,9.0,5.0,Very Low
11.22,40.03,0.0,35.0,0.0,6.0,Very Low
11.72,40.03,0.0,64.0,4.0,6.0,Very Low
12.22,40.03,0.0,46.0,2.0,6.0,Very Low
12.72,40.03,0.0,39.0,3.0,6.0,Very Low
13.22,40.03,0.0,41.0,1.0,6.0,Very Low
13.72,40.03,37.50000000000003,36.0,3.0,6.0,Very Low
14.22,40.03,45.666666666666664,177.0,29.0,3.0,Moderate
14.72,40.03,1330.9166666666654,493.0,58.0,0.0,Very High
15.22,40.03,29.833333333333357,201.0,18.0,4.0,Moderate
16.72,40.03,228.3333333333332,502.0,60.0,1.0,Very High
17.22,40.03,0.0,457.0,55.0,1.0,Very High
17.72,40.03,22.66666666666668,379.0,48.0,1.0,Very High
18.72,40.03,543.0833333333334,311.0,54.0,2.0,High
19.22,40.03,21.83333333333336,424.0,57.0,1.0,Very High
19.72,40.03,0.0,361.0,43.0,2.0,High
22.72,40.03,2848.0833333333308,441.0,61.0,0.0,Very High
23.22,40.03,1551.6666666666692,456.0,62.0,0.0,Very High
23.72,40.03,749.8333333333336,524.0,60.0,0.0,Very High
24.22,40.03,99.41666666666666,518.0,62.0,1.0,Very High
24.72,40.03,13.166666666666691,257.0,46.0,3.0,Moderate
25.22,40.03,91.24999999999991,499.0,60.0,1.0,Very High
25.72,40.03,436.0833333333327,386.0,51.0,1.0,Very High
26.22,40.03,102.33333333333331,294.0,40.0,3.0,Moderate
-0.28,39.53,610.2499999999993,395.0,53.0,1.0,Very High
0.22,39.53,1056.0000000000014,582.0,63.0,0.0,Very High
0.72,39.53,322.9166666666663,489.0,62.0,1.0,Very High
1.22,39.53,22.833333333333346,197.0,33.0,3.0,Moderate
1.72,39.53,117.9999999999999,166.0,25.0,4.0,Moderate
2.22,39.53,623.2499999999995,282.0,48.0,2.0,High
3.72,39.53,402.9166666666668,539.0,60.0,1.0,Very High
4.22,39.53,127.99999999999999,522.0,59.0,1.0,Very High
4.72,39.53,48.66666666666666,271.0,35.0,3.0,Moderate
5.22,39.53,5.25,116.0,18.0,4.0,Moderate
5.72,39.53,3.2499999999999996,87.0,13.0,5.0,Very Low
6.22,39.53,0.0,68.0,6.0,6.0,Very Low
6.72,39.53,2.5,61.0,3.0,6.0,Very Low
7.22,39.53,10.583333333333341,56.0,4.0,6.0,Very Low
7.72,39.53,119.74999999999997,148.0,22.0,4.0,Moderate
8.22,39.53,928.3333333333347,496.0,55.0,0.0,Very High
9.72,39.53,191.74999999999972,440.0,55.0,1.0,Very High
10.22,39.53,0.0,104.0,14.0,5.0,Very Low
10.72,39.53,0.0,59.0,5.0,6.0,Very Low
11.22,39.53,0.0,35.0,0.0,6.0,Very Low
11.72,39.53,0.0,57.0,2.0,6.0,Very Low
12.22,39.53,0.0,35.0,1.0,6.0,Very Low
12.72,39.53,0.0,76.0,7.0,5.0,Very Low
13.22,39.53,0.0,34.0,2.0,6.0,Very Low
13.72,39.53,0.0,28.0,0.0,6.0,Very Low
14.22,39.53,12.666666666666673,42.0,3.0,6.0,Very Low
14.72,39.53,62.66666666666669,37.0,2.0,6.0,Very Low
15.22,39.53,155.83333333333346,89.0,14.0,5.0,Very Low
15.72,39.53,379.91666666666634,185.0,19.0,4.0,Moderate
17.22,39.53,3.5000000000000013,309.0,44.0,2.0,High
17.72,39.53,67.4166666666667,219.0,37.0,3.0,Moderate
18.22,39.53,134.1666666666667,366.0,50.0,1.0,Very High
18.72,39.53,490.083333333333,293.0,49.0,2.0,High
19.22,39.53,12.666666666666645,316.0,52.0,2.0,High
19.72,39.53,257.41666666666686,496.0,58.0,1.0,Very High
23.22,39.53,558.333333333333,565.0,62.0,0.0,Very High
23.72,39.53,104.0,514.0,60.0,1.0,Very High
24.22,39.53,15.333333333333357,382.0,59.0,1.0,Very High
24.72,39.53,256.9166666666669,427.0,59.0,1.0,Very High
25.22,39.53,308.6666666666667,472.0,62.0,1.0,Very High
25.72,39.53,668.1666666666664,385.0,54.0,1.0,Very High
26.72,39.53,22.499999999999996,0.0,0.0,6.0,Very Low
0.22,39.03,1360.4166666666658,496.0,61.0,0.0,Very High
0.72,39.03,14.333333333333343,207.0,41.0,3.0,Moderate
1.22,39.03,338.16666666666663,450.0,59.0,1.0,Very High
1.72,39.03,495.7499999999994,375.0,55.0,1.0,Very High
2.22,39.03,425.7499999999996,196.0,36.0,3.0,Moderate
2.72,39.03,553.0833333333335,442.0,53.0,1.0,Very High
3.22,39.03,723.9166666666658,402.0,56.0,1.0,Very High
3.72,39.03,114.58333333333339,272.0,43.0,2.0,High
4.22,39.03,115.58333333333333,118.0,14.0,5.0,Very Low
4.72,39.03,77.83333333333331,130.0,19.0,4.0,Moderate
5.22,39.03,0.0,96.0,16.0,5.0,Very Low
5.72,39.03,0.0,77.0,11.0,5.0,Very Low
6.22,39.03,0.0,63.0,6.0,6.0,Very Low
6.72,39.03,1.333333333333333,57.0,2.0,6.0,Very Low
7.22,39.03,26.91666666666666,62.0,7.0,6.0,Very Low
7.72,39.03,145.0000000000002,229.0,39.0,3.0,Moderate
8.22,39.03,138.6666666666667,479.0,59.0,1.0,Very High
9.22,39.03,441.8333333333331,394.0,49.0,1.0,Very High
9.72,39.03,72.0,430.0,55.0,1.0,Very High
10.22,39.03,0.0,41.0,5.0,6.0,Very Low
10.72,39.03,0.0,29.0,2.0,6.0,Very Low
11.22,39.03,0.0,56.0,2.0,6.0,Very Low
11.72,39.03,0.0,57.0,2.0,6.0,Very Low
12.22,39.03,0.416666666666667,56.0,0.0,6.0,Very Low
12.72,39.03,27.666666666666664,53.0,3.0,6.0,Very Low
13.22,39.03,74.49999999999997,35.0,1.0,6.0,Very Low
13.72,39.03,15.000000000000014,48.0,3.0,6.0,Very Low
14.22,39.03,42.33333333333336,63.0,4.0,6.0,Very Low
14.72,39.03,17.666666666666703,52.0,4.0,6.0,Very Low
15.22,39.03,35.50000000000003,32.0,2.0,6.0,Very Low
15.72,39.03,170.41666666666666,83.0,10.0,5.0,Very Low
17.22,39.03,136.2500000000001,383.0,51.0,1.0,Very High
17.72,39.03,0.0,117.0,21.0,4.0,Moderate
18.22,39.03,0.0,94.0,12.0,5.0,Very Low
18.72,39.03,0.0,114.0,13.0,5.0,Very Low
19.22,39.03,0.0,188.0,33.0,3.0,Moderate
19.72,39.03,6.000000000000003,312.0,42.0,2.0,High
20.22,39.03,381.83333333333286,389.0,46.0,2.0,High
20.72,39.03,162.99999999999997,272.0,35.0,3.0,Moderate
23.22,39.03,1131.0000000000002,574.0,64.0,0.0,Very High
23.72,39.03,22.250000000000018,520.0,60.0,1.0,Very High
24.22,39.03,75.9166666666667,551.0,61.0,1.0,Very High
24.72,39.03,214.25000000000023,260.0,46.0,2.0,High
25.22,39.03,147.08333333333343,437.0,61.0,1.0,Very High
25.72,39.03,189.33333333333343,530.0,63.0,1.0,Very High
26.72,39.03,875.0833333333328,429.0,59.0,0.0,Very High
0.22,38.53,1625.8333333333314,624.0,64.0,0.0,Very High
0.72,38.53,537.3333333333329,431.0,60.0,1.0,Very High
1.22,38.53,345.3333333333334,544.0,63.0,1.0,Very High
1.72,38.53,421.2499999999996,387.0,49.0,1.0,Very High
2.22,38.53,67.58333333333334,146.0,20.0,4.0,Moderate
2.72,38.53,166.49999999999997,215.0,29.0,3.0,Moderate
3.22,38.53,112.83333333333334,125.0,20.0,4.0,Moderate
3.72,38.53,52.99999999999999,94.0,15.0,5.0,Very Low
4.22,38.53,16.500000000000014,94.0,11.0,5.0,Very Low
4.72,38.53,13.083333333333343,85.0,11.0,5.0,Very Low
5.22,38.53,0.0,68.0,10.0,5.0,Very Low
5.72,38.53,0.0,62.0,6.0,6.0,Very Low
6.22,38.53,1.583333333333334,55.0,3.0,6.0,Very Low
6.72,38.53,2.750000000000002,49.0,1.0,6.0,Very Low
7.22,38.53,3.5833333333333366,56.0,6.0,6.0,Very Low
7.72,38.53,52.083333333333385,120.0,21.0,4.0,Moderate
8.22,38.53,344.16666666666686,293.0,46.0,2.0,High
8.72,38.53,1532.833333333333,461.0,53.0,0.0,Very High
9.22,38.53,562.9999999999993,329.0,52.0,2.0,High
9.72,38.53,296.9166666666668,138.0,24.0,4.0,Moderate
10.22,38.53,0.0,39.0,4.0,6.0,Very Low
10.72,38.53,42.83333333333334,45.0,4.0,6.0,Very Low
11.22,38.53,0.0,51.0,3.0,6.0,Very Low
11.72,38.53,48.249999999999964,102.0,13.0,5.0,Very Low
12.22,38.53,72.08333333333337,73.0,4.0,6.0,Very Low
12.72,38.53,94.50000000000001,57.0,5.0,6.0,Very Low
13.22,38.53,152.75000000000009,66.0,3.0,6.0,Very Low
13.72,38.53,61.25000000000006,44.0,2.0,6.0,Very Low
14.22,38.53,12.500000000000018,73.0,3.0,6.0,Very Low
14.72,38.53,51.41666666666671,102.0,9.0,5.0,Very Low
15.22,38.53,35.500000000000064,61.0,3.0,6.0,Very Low
15.72,38.53,493.99999999999966,185.0,29.0,3.0,Moderate
16.72,38.53,84.83333333333336,427.0,53.0,1.0,Very High
17.22,38.53,14.250000000000014,289.0,44.0,2.0,High
17.72,38.53,0.0,95.0,12.0,5.0,Very Low
18.22,38.53,0.0,58.0,7.0,6.0,Very Low
18.72,38.53,0.0,103.0,11.0,5.0,Very Low
19.22,38.53,0.0,81.0,7.0,5.0,Very Low
19.72,38.53,0.0,106.0,15.0,5.0,Very Low
20.22,38.53,159.91666666666657,170.0,26.0,4.0,Moderate
20.72,38.53,313.58333333333326,420.0,49.0,1.0,Very High
24.72,38.53,97.41666666666676,339.0,50.0,2.0,High
25.22,38.53,285.83333333333326,410.0,57.0,1.0,Very High
25.72,38.53,437.8333333333328,486.0,62.0,1.0,Very High
26.22,38.53,1476.2499999999984,511.0,61.0,0.0,Very High
26.72,38.53,1040.4166666666656,482.0,61.0,0.0,Very High
-0.28,38.03,4726.499999999986,619.0,67.0,0.0,Very High
0.22,38.03,1358.666666666668,498.0,62.0,0.0,Very High
0.72,38.03,189.25000000000043,363.0,57.0,1.0,Very High
1.22,38.03,91.00000000000007,215.0,34.0,3.0,Moderate
1.72,38.03,142.24999999999994,71.0,6.0,6.0,Very Low
2.22,38.03,149.33333333333331,81.0,9.0,5.0,Very Low
2.72,38.03,104.83333333333331,61.0,4.0,6.0,Very Low
3.22,38.03,13.500000000000007,55.0,3.0,6.0,Very Low
3.72,38.03,2.5833333333333326,71.0,7.0,5.0,Very Low
4.22,38.03,2.083333333333334,59.0,2.0,6.0,Very Low
4.72,38.03,0.0,57.0,3.0,6.0,Very Low
5.22,38.03,0.0,57.0,5.0,6.0,Very Low
5.72,38.03,0.0,63.0,7.0,5.0,Very Low
6.22,38.03,0.0,60.0,6.0,6.0,Very Low
6.72,38.03,0.0,54.0,5.0,6.0,Very Low
7.22,38.03,8.166666666666666,55.0,6.0,6.0,Very Low
7.72,38.03,18.333333333333325,53.0,3.0,6.0,Very Low
8.22,38.03,337.74999999999994,94.0,19.0,4.0,Moderate
8.72,38.03,724.9166666666671,139.0,22.0,4.0,Moderate
9.22,38.03,489.083333333333,221.0,41.0,2.0,High
9.72,38.03,791.5000000000011,243.0,43.0,2.0,High
10.22,38.03,236.66666666666652,195.0,29.0,3.0,Moderate
10.72,38.03,528.5000000000001,128.0,27.0,4.0,Moderate
11.22,38.03,532.4999999999992,145.0,30.0,3.0,Moderate
11.72,38.03,965.0000000000002,282.0,52.0,2.0,High
12.22,38.03,1003.5833333333347,262.0,43.0,2.0,High
13.72,38.03,1713.5833333333337,191.0,31.0,2.0,High
14.22,38.03,336.1666666666667,179.0,28.0,3.0,Moderate
16.22,38.03,20.33333333333333,326.0,44.0,2.0,High
16.72,38.03,67.33333333333337,308.0,44.0,2.0,High
17.22,38.03,0.0,130.0,23.0,4.0,Moderate
17.72,38.03,0.0,81.0,10.0,5.0,Very Low
18.22,38.03,0.0,60.0,6.0,6.0,Very Low
18.72,38.03,0.0,40.0,2.0,6.0,Very Low
19.22,38.03,0.0,62.0,5.0,6.0,Very Low
19.72,38.03,0.0,96.0,10.0,5.0,Very Low
20.22,38.03,12.499999999999993,210.0,26.0,3.0,Moderate
20.72,38.03,503.6666666666664,412.0,53.0,1.0,Very High
21.22,38.03,790.5833333333327,295.0,45.0,2.0,High
24.22,38.03,174.83333333333343,528.0,60.0,1.0,Very High
24.72,38.03,28.750000000000007,339.0,51.0,1.0,Very High
25.22,38.03,0.0,206.0,39.0,3.0,Moderate
25.72,38.03,155.2500000000002,329.0,48.0,2.0,High
26.22,38.03,342.83333333333354,495.0,59.0,1.0,Very High
26.72,38.03,144.24999999999994,479.0,61.0,1.0,Very High
-1.28,37.53,285.25000000000017,0.0,0.0,6.0,Very Low
-0.78,37.53,1562.8333333333308,583.0,62.0,0.0,Very High
-0.28,37.53,1631.7499999999966,464.0,63.0,0.0,Very High
0.22,37.53,61.25000000000006,292.0,40.0,3.0,Moderate
0.72,37.53,48.000000000000064,125.0,23.0,4.0,Moderate
1.22,37.53,34.83333333333334,84.0,11.0,5.0,Very Low
1.72,37.53,50.41666666666667,78.0,10.0,5.0,Very Low
2.22,37.53,2.500000000000001,67.0,6.0,6.0,Very Low
2.72,37.53,7.583333333333336,61.0,5.0,6.0,Very Low
3.22,37.53,2.6666666666666683,63.0,8.0,5.0,Very Low
3.72,37.53,0.0,70.0,10.0,5.0,Very Low
4.22,37.53,0.0,68.0,10.0,5.0,Very Low
4.72,37.53,0.0,61.0,7.0,6.0,Very Low
5.22,37.53,0.0,67.0,10.0,5.0,Very Low
5.72,37.53,0.0,88.0,13.0,5.0,Very Low
6.22,37.53,0.0,95.0,14.0,5.0,Very Low
6.72,37.53,0.0833333333333333,86.0,13.0,5.0,Very Low
7.22,37.53,4.666666666666669,87.0,13.0,5.0,Very Low
7.72,37.53,0.0,85.0,13.0,5.0,Very Low
8.22,37.53,22.58333333333335,71.0,12.0,5.0,Very Low
8.72,37.53,92.24999999999996,233.0,44.0,3.0,Moderate
9.22,37.53,280.4166666666667,353.0,52.0,2.0,High
9.72,37.53,185.66666666666646,361.0,55.0,1.0,Very High
10.22,37.53,80.00000000000011,320.0,54.0,2.0,High
10.72,37.53,578.499999999999,309.0,55.0,2.0,High
11.22,37.53,633.0833333333343,320.0,59.0,2.0,High
11.72,37.53,1833.4999999999966,318.0,54.0,0.0,Very High
12.22,37.53,1404.6666666666674,445.0,59.0,0.0,Very High
12.72,37.53,558.0000000000001,325.0,45.0,2.0,High
15.22,37.53,79.75000000000001,411.0,49.0,1.0,Very High
15.72,37.53,17.6666666666667,322.0,47.0,2.0,High
16.22,37.53,136.99999999999997,282.0,42.0,2.0,High
16.72,37.53,1.9166666666666679,123.0,21.0,4.0,Moderate
17.22,37.53,2.5833333333333375,108.0,19.0,4.0,Moderate
17.72,37.53,0.5833333333333335,70.0,12.0,5.0,Very Low
18.22,37.53,0.0,55.0,4.0,6.0,Very Low
18.72,37.53,0.0,39.0,2.0,6.0,Very Low
19.22,37.53,0.0,56.0,4.0,6.0,Very Low
19.72,37.53,0.0,78.0,13.0,5.0,Very Low
20.22,37.53,6.916666666666666,169.0,24.0,4.0,Moderate
20.72,37.53,20.16666666666668,265.0,40.0,3.0,Moderate
21.22,37.53,278.41666666666663,397.0,47.0,1.0,Very High
23.72,37.53,324.08333333333337,394.0,57.0,1.0,Very High
24.22,37.53,756.333333333334,532.0,62.0,0.0,Very High
24.72,37.53,181.91666666666683,515.0,62.0,1.0,Very High
25.22,37.53,135.83333333333323,509.0,60.0,1.0,Very High
25.72,37.53,2.5000000000000036,178.0,33.0,3.0,Moderate
26.22,37.53,12.000000000000016,229.0,28.0,3.0,Moderate
26.72,37.53,439.33333333333337,537.0,61.0,1.0,Very High
-1.78,37.03,220.33333333333348,567.0,61.0,1.0,Very High
-1.28,37.03,236.66666666666666,410.0,55.0,1.0,Very High
-0.78,37.03,85.25,243.0,33.0,3.0,Moderate
-0.28,37.03,225.41666666666706,163.0,29.0,3.0,Moderate
0.22,37.03,31.08333333333335,118.0,18.0,4.0,Moderate
0.72,37.03,5.916666666666669,129.0,19.0,4.0,Moderate
1.22,37.03,0.0,135.0,22.0,4.0,Moderate
1.72,37.03,0.0,134.0,19.0,4.0,Moderate
2.22,37.03,0.0,138.0,22.0,4.0,Moderate
2.72,37.03,0.0,152.0,28.0,4.0,Moderate
3.22,37.03,0.0,162.0,29.0,4.0,Moderate
3.72,37.03,0.0,155.0,23.0,4.0,Moderate
4.22,37.03,0.0,153.0,23.0,4.0,Moderate
4.72,37.03,0.0,143.0,23.0,4.0,Moderate
5.22,37.03,0.0,135.0,25.0,4.0,Moderate
5.72,37.03,0.0,135.0,22.0,4.0,Moderate
6.22,37.03,0.0,317.0,48.0,2.0,High
6.72,37.03,0.0,297.0,48.0,2.0,High
7.22,37.03,0.0,310.0,47.0,2.0,High
7.72,37.03,0.0,272.0,46.0,2.0,High
8.22,37.03,0.0,252.0,44.0,3.0,Moderate
8.72,37.03,0.0,368.0,52.0,1.0,Very High
10.22,37.03,10.249999999999998,315.0,52.0,2.0,High
10.72,37.03,73.74999999999987,496.0,62.0,1.0,Very High
11.22,37.03,590.0833333333336,441.0,61.0,1.0,Very High
11.72,37.03,248.1666666666669,275.0,48.0,2.0,High
12.22,37.03,906.3333333333347,195.0,44.0,2.0,High
12.72,37.03,3219.3333333333235,408.0,59.0,0.0,Very High
13.22,37.03,1654.4166666666695,577.0,63.0,0.0,Very High
13.72,37.03,1096.1666666666667,463.0,57.0,0.0,Very High
14.22,37.03,215.66666666666654,287.0,39.0,2.0,High
15.72,37.03,2.7500000000000004,147.0,20.0,4.0,Moderate
16.22,37.03,11.583333333333348,100.0,16.0,5.0,Very Low
16.72,37.03,2.916666666666669,94.0,11.0,5.0,Very Low
17.22,37.03,0.7500000000000008,87.0,12.0,5.0,Very Low
17.72,37.03,0.0,57.0,6.0,6.0,Very Low
18.22,37.03,0.0,40.0,2.0,6.0,Very Low
18.72,37.03,0.0,37.0,1.0,6.0,Very Low
19.22,37.03,0.0,39.0,2.0,6.0,Very Low
19.72,37.03,0.0,58.0,6.0,6.0,Very Low
20.22,37.03,0.0,104.0,16.0,5.0,Very Low
20.72,37.03,0.0,179.0,22.0,4.0,Moderate
21.22,37.03,4.833333333333335,261.0,41.0,3.0,Moderate
23.22,37.03,2.583333333333334,534.0,64.0,1.0,Very High
23.72,37.03,39.41666666666667,500.0,59.0,1.0,Very High
24.22,37.03,19.083333333333375,464.0,57.0,1.0,Very High
24.72,37.03,166.74999999999986,476.0,60.0,1.0,Very High
25.72,37.03,54.083333333333364,321.0,37.0,3.0,Moderate
26.22,37.03,9.08333333333334,73.0,8.0,5.0,Very Low
26.72,37.03,432.50000000000006,284.0,33.0,2.0,High
27.22,37.03,564.6666666666666,258.0,38.0,2.0,High
-4.28,36.53,548.2499999999994,529.0,63.0,0.0,Very High
-3.78,36.53,565.2500000000002,448.0,59.0,1.0,Very High
-3.28,36.53,171.5833333333332,462.0,59.0,1.0,Very High
-2.78,36.53,198.8333333333333,576.0,65.0,1.0,Very High
-2.28,36.53,148.00000000000009,595.0,66.0,1.0,Very High
-1.78,36.53,379.9999999999999,513.0,63.0,1.0,Very High
-1.28,36.53,0.0,182.0,27.0,4.0,Moderate
-0.78,36.53,33.83333333333332,132.0,23.0,4.0,Moderate
-0.28,36.53,39.666666666666664,143.0,28.0,4.0,Moderate
0.22,36.53,0.0,170.0,29.0,3.0,Moderate
0.72,36.53,0.0,245.0,32.0,3.0,Moderate
1.22,36.53,0.0,362.0,52.0,1.0,Very High
11.22,36.53,47.75000000000002,285.0,45.0,2.0,High
11.72,36.53,412.08333333333286,260.0,43.0,2.0,High
12.22,36.53,280.91666666666674,249.0,37.0,3.0,Moderate
12.72,36.53,1247.1666666666645,201.0,31.0,2.0,High
13.22,36.53,1187.3333333333353,327.0,52.0,0.0,Very High
13.72,36.53,1443.7500000000002,416.0,60.0,0.0,Very High
14.22,36.53,1005.0833333333345,558.0,64.0,0.0,Very High
14.72,36.53,658.7499999999999,399.0,56.0,1.0,Very High
15.22,36.53,1362.8333333333321,427.0,54.0,0.0,Very High
15.72,36.53,5.833333333333337,212.0,29.0,3.0,Moderate
16.22,36.53,0.5000000000000006,76.0,9.0,5.0,Very Low
16.72,36.53,0.0,52.0,7.0,6.0,Very Low
17.22,36.53,1.2500000000000009,33.0,2.0,6.0,Very Low
17.72,36.53,0.0,31.0,0.0,6.0,Very Low
18.22,36.53,0.0,36.0,0.0,6.0,Very Low
18.72,36.53,0.0,39.0,1.0,6.0,Very Low
19.22,36.53,0.0,38.0,2.0,6.0,Very Low
19.72,36.53,0.0,33.0,1.0,6.0,Very Low
20.22,36.53,0.0,41.0,2.0,6.0,Very Low
20.72,36.53,0.0,72.0,7.0,5.0,Very Low
21.22,36.53,0.0,140.0,22.0,4.0,Moderate
21.72,36.53,24.250000000000007,202.0,26.0,3.0,Moderate
22.22,36.53,63.08333333333334,359.0,47.0,2.0,High
22.72,36.53,0.0,404.0,52.0,1.0,Very High
23.22,36.53,0.1666666666666666,485.0,57.0,1.0,Very High
23.72,36.53,9.500000000000012,298.0,50.0,2.0,High
24.22,36.53,8.333333333333337,368.0,46.0,1.0,Very High
24.72,36.53,22.416666666666718,368.0,48.0,1.0,Very High
25.22,36.53,20.58333333333335,328.0,38.0,3.0,Moderate
25.72,36.53,28.999999999999968,187.0,15.0,4.0,Moderate
26.22,36.53,3.2500000000000004,150.0,10.0,5.0,Very Low
26.72,36.53,58.50000000000007,150.0,14.0,4.0,Moderate
27.22,36.53,190.2499999999998,152.0,7.0,5.0,Very Low
27.72,36.53,668.0000000000001,148.0,7.0,5.0,Very Low
28.22,36.53,731.0,270.0,31.0,2.0,High
28.72,36.53,189.91666666666686,407.0,51.0,1.0,Very High
30.72,36.53,171.9166666666667,484.0,56.0,1.0,Very High
31.22,36.53,142.91666666666663,425.0,54.0,1.0,Very High
31.72,36.53,15.083333333333352,229.0,22.0,4.0,Moderate
34.72,36.53,1928.4999999999998,303.0,41.0,0.0,Very High
35.22,36.53,39.916666666666686,275.0,42.0,3.0,Moderate
35.72,36.53,1317.499999999999,282.0,41.0,2.0,High
-5.78,36.03,0.0833333333333333,387.0,53.0,1.0,Very High
-5.28,36.03,451.66666666666686,504.0,61.0,1.0,Very High
-4.78,36.03,773.6666666666664,391.0,57.0,0.0,Very High
-4.28,36.03,29.750000000000018,323.0,53.0,2.0,High
-3.78,36.03,16.583333333333346,320.0,52.0,2.0,High
-3.28,36.03,2.6666666666666687,311.0,55.0,2.0,High
-2.78,36.03,0.4999999999999996,413.0,60.0,1.0,Very High
-2.28,36.03,12.83333333333333,323.0,49.0,2.0,High
-1.78,36.03,0.0,200.0,29.0,3.0,Moderate
-1.28,36.03,0.0,166.0,29.0,3.0,Moderate
-0.78,36.03,0.0,158.0,27.0,4.0,Moderate
-0.28,36.03,0.0,349.0,48.0,2.0,High
10.72,36.03,8.916666666666668,232.0,35.0,3.0,Moderate
11.22,36.03,179.2499999999999,148.0,33.0,3.0,Moderate
11.72,36.03,1635.333333333333,99.0,27.0,2.0,High
12.22,36.03,600.3333333333328,87.0,16.0,5.0,Very Low
12.72,36.03,195.5,37.0,6.0,6.0,Very Low
13.22,36.03,1214.083333333332,68.0,10.0,5.0,Very Low
13.72,36.03,359.3333333333332,135.0,20.0,4.0,Moderate
14.22,36.03,127.0833333333333,486.0,59.0,1.0,Very High
14.72,36.03,152.3333333333333,392.0,57.0,1.0,Very High
15.22,36.03,1876.916666666669,385.0,56.0,0.0,Very High
15.72,36.03,43.66666666666671,196.0,22.0,4.0,Moderate
16.22,36.03,2.833333333333335,61.0,7.0,6.0,Very Low
16.72,36.03,0.0,32.0,1.0,6.0,Very Low
17.22,36.03,0.0,23.0,0.0,6.0,Very Low
17.72,36.03,0.0,27.0,1.0,6.0,Very Low
18.22,36.03,0.0,26.0,1.0,6.0,Very Low
18.72,36.03,0.0,28.0,0.0,6.0,Very Low
19.22,36.03,0.0,26.0,1.0,6.0,Very Low
19.72,36.03,0.0,26.0,0.0,6.0,Very Low
20.22,36.03,0.0,44.0,3.0,6.0,Very Low
20.72,36.03,0.0,54.0,3.0,6.0,Very Low
21.22,36.03,0.0,139.0,21.0,4.0,Moderate
21.72,36.03,0.0,130.0,18.0,4.0,Moderate
22.22,36.03,3.1666666666666696,149.0,18.0,4.0,Moderate
22.72,36.03,0.0,218.0,32.0,3.0,Moderate
23.22,36.03,0.0,385.0,56.0,1.0,Very High
23.72,36.03,1.000000000000001,214.0,35.0,3.0,Moderate
24.22,36.03,2.9166666666666683,72.0,15.0,5.0,Very Low
24.72,36.03,32.33333333333335,67.0,10.0,5.0,Very Low
25.22,36.03,38.333333333333364,114.0,12.0,5.0,Very Low
25.72,36.03,15.916666666666712,47.0,6.0,6.0,Very Low
26.22,36.03,504.333333333334,41.0,4.0,6.0,Very Low
26.72,36.03,235.66666666666666,43.0,6.0,6.0,Very Low
27.22,36.03,5.750000000000001,87.0,9.0,5.0,Very Low
27.72,36.03,444.7499999999988,132.0,10.0,5.0,Very Low
28.22,36.03,72.5833333333333,92.0,8.0,5.0,Very Low
28.72,36.03,52.000000000000114,94.0,11.0,5.0,Very Low
29.22,36.03,69.41666666666657,129.0,15.0,5.0,Very Low
29.72,36.03,54.58333333333333,125.0,15.0,5.0,Very Low
30.22,36.03,30.000000000000036,131.0,16.0,4.0,Moderate
30.72,36.03,37.08333333333334,186.0,27.0,3.0,Moderate
31.22,36.03,90.25000000000003,63.0,8.0,5.0,Very Low
31.72,36.03,108.5833333333334,91.0,15.0,5.0,Very Low
32.22,36.03,55.666666666666735,199.0,23.0,4.0,Moderate
32.72,36.03,81.24999999999999,136.0,6.0,5.0,Very Low
33.22,36.03,36.58333333333333,240.0,34.0,3.0,Moderate
33.72,36.03,73.41666666666669,286.0,34.0,3.0,Moderate
34.22,36.03,89.83333333333334,302.0,38.0,3.0,Moderate
34.72,36.03,83.41666666666666,198.0,33.0,3.0,Moderate
35.22,36.03,204.91666666666669,279.0,45.0,2.0,High
35.72,36.03,230.49999999999977,346.0,50.0,2.0,High
-4.78,35.53,0.5000000000000006,343.0,56.0,1.0,Very High
-4.28,35.53,0.0,271.0,49.0,2.0,High
-3.78,35.53,0.0,313.0,53.0,2.0,High
-3.28,35.53,6.083333333333334,331.0,54.0,1.0,Very High
-2.78,35.53,4.333333333333334,454.0,60.0,1.0,Very High
-2.28,35.53,0.0,414.0,61.0,1.0,Very High
-1.78,35.53,0.0,410.0,60.0,1.0,Very High
-1.28,35.53,0.0,498.0,60.0,1.0,Very High
11.22,35.53,3.5000000000000036,218.0,33.0,3.0,Moderate
11.72,35.53,66.33333333333337,107.0,24.0,4.0,Moderate
12.22,35.53,410.91666666666674,91.0,26.0,4.0,Moderate
12.72,35.53,389.16666666666697,46.0,8.0,6.0,Very Low
13.22,35.53,168.7500000000001,28.0,7.0,6.0,Very Low
13.72,35.53,311.0000000000005,79.0,14.0,5.0,Very Low
14.22,35.53,24.916666666666682,375.0,48.0,1.0,Very High
14.72,35.53,901.0000000000002,452.0,54.0,0.0,Very High
15.22,35.53,138.58333333333334,312.0,54.0,2.0,High
15.72,35.53,40.74999999999999,168.0,21.0,4.0,Moderate
16.22,35.53,5.1666666666666705,87.0,10.0,5.0,Very Low
16.72,35.53,0.0,25.0,1.0,6.0,Very Low
17.22,35.53,0.0,24.0,1.0,6.0,Very Low
17.72,35.53,0.0,30.0,2.0,6.0,Very Low
18.22,35.53,0.0,29.0,2.0,6.0,Very Low
18.72,35.53,0.0,26.0,0.0,6.0,Very Low
19.22,35.53,0.0,13.0,0.0,6.0,Very Low
19.72,35.53,0.0,8.0,0.0,6.0,Very Low
20.22,35.53,0.0,28.0,1.0,6.0,Very Low
20.72,35.53,0.0,38.0,1.0,6.0,Very Low
21.22,35.53,0.0,68.0,8.0,5.0,Very Low
21.72,35.53,0.0,104.0,16.0,5.0,Very Low
22.22,35.53,1.0000000000000007,135.0,17.0,4.0,Moderate
22.72,35.53,1.583333333333334,86.0,6.0,5.0,Very Low
23.22,35.53,12.666666666666663,131.0,18.0,4.0,Moderate
24.22,35.53,161.74999999999994,159.0,25.0,4.0,Moderate
24.72,35.53,6.250000000000005,30.0,5.0,6.0,Very Low
25.22,35.53,130.66666666666674,30.0,6.0,6.0,Very Low
25.72,35.53,105.33333333333324,34.0,4.0,6.0,Very Low
26.22,35.53,5.083333333333334,32.0,4.0,6.0,Very Low
26.72,35.53,1.916666666666667,32.0,3.0,6.0,Very Low
27.22,35.53,8.083333333333336,84.0,9.0,5.0,Very Low
27.72,35.53,555.7499999999994,96.0,11.0,5.0,Very Low
28.22,35.53,2.6666666666666674,33.0,2.0,6.0,Very Low
28.72,35.53,2.416666666666667,69.0,7.0,5.0,Very Low
29.22,35.53,21.25000000000003,42.0,3.0,6.0,Very Low
29.72,35.53,69.16666666666674,15.0,1.0,6.0,Very Low
30.22,35.53,104.1666666666665,19.0,1.0,6.0,Very Low
30.72,35.53,37.75000000000004,13.0,0.0,6.0,Very Low
31.22,35.53,14.583333333333364,23.0,2.0,6.0,Very Low
31.72,35.53,13.833333333333366,33.0,2.0,6.0,Very Low
32.22,35.53,0.0,63.0,9.0,5.0,Very Low
32.72,35.53,45.833333333333336,57.0,8.0,5.0,Very Low
33.22,35.53,1.2499999999999998,105.0,18.0,4.0,Moderate
33.72,35.53,1.4166666666666667,86.0,20.0,4.0,Moderate
34.72,35.53,38.41666666666668,200.0,29.0,3.0,Moderate
35.22,35.53,14.416666666666686,156.0,28.0,4.0,Moderate
35.72,35.53,2.8333333333333353,430.0,56.0,1.0,Very High
11.22,35.03,0.0,204.0,26.0,3.0,Moderate
11.72,35.03,1.6666666666666674,83.0,17.0,5.0,Very Low
12.22,35.03,65.50000000000003,59.0,16.0,5.0,Very Low
12.72,35.03,678.2500000000005,67.0,17.0,5.0,Very Low
13.22,35.03,107.91666666666667,50.0,14.0,5.0,Very Low
13.72,35.03,206.50000000000014,49.0,13.0,5.0,Very Low
14.22,35.03,224.16666666666637,64.0,15.0,5.0,Very Low
14.72,35.03,114.83333333333344,122.0,28.0,4.0,Moderate
15.22,35.03,1.0000000000000009,153.0,35.0,3.0,Moderate
15.72,35.03,0.0,127.0,24.0,4.0,Moderate
16.22,35.03,0.0,41.0,2.0,6.0,Very Low
16.72,35.03,0.0,27.0,1.0,6.0,Very Low
17.22,35.03,0.0,22.0,2.0,6.0,Very Low
17.72,35.03,0.0,21.0,3.0,6.0,Very Low
18.22,35.03,0.0,22.0,3.0,6.0,Very Low
18.72,35.03,0.0,21.0,1.0,6.0,Very Low
19.22,35.03,0.0,12.0,0.0,6.0,Very Low
19.72,35.03,0.0,6.0,0.0,6.0,Very Low
20.22,35.03,0.0,31.0,4.0,6.0,Very Low
20.72,35.03,0.0,37.0,1.0,6.0,Very Low
21.22,35.03,0.0,52.0,4.0,6.0,Very Low
21.72,35.03,0.0,40.0,4.0,6.0,Very Low
22.22,35.03,0.0,45.0,4.0,6.0,Very Low
22.72,35.03,0.8333333333333329,56.0,5.0,6.0,Very Low
23.22,35.03,6.083333333333337,60.0,7.0,6.0,Very Low
23.72,35.03,0.0,106.0,11.0,5.0,Very Low
24.22,35.03,43.250000000000014,173.0,27.0,4.0,Moderate
24.72,35.03,114.66666666666673,132.0,7.0,5.0,Very Low
26.72,35.03,3.0000000000000018,35.0,4.0,6.0,Very Low
27.22,35.03,1.916666666666667,28.0,3.0,6.0,Very Low
27.72,35.03,0.0,4.0,0.0,6.0,Very Low
28.22,35.03,0.0,23.0,1.0,6.0,Very Low
28.72,35.03,0.0,19.0,1.0,6.0,Very Low
29.22,35.03,0.7500000000000008,12.0,0.0,6.0,Very Low
29.72,35.03,2.7500000000000036,8.0,0.0,6.0,Very Low
30.22,35.03,4.583333333333337,12.0,1.0,6.0,Very Low
30.72,35.03,0.9166666666666672,8.0,0.0,6.0,Very Low
31.22,35.03,0.0,18.0,2.0,6.0,Very Low
31.72,35.03,1.1666666666666676,35.0,2.0,6.0,Very Low
32.22,35.03,2.916666666666668,116.0,15.0,5.0,Very Low
34.22,35.03,26.66666666666668,176.0,19.0,4.0,Moderate
34.72,35.03,40.083333333333336,63.0,11.0,5.0,Very Low
35.22,35.03,1.833333333333335,114.0,18.0,4.0,Moderate
35.72,35.03,0.0,296.0,38.0,3.0,Moderate
10.72,34.53,0.0,223.0,33.0,3.0,Moderate
11.22,34.53,0.0,207.0,27.0,3.0,Moderate
11.72,34.53,0.0,89.0,13.0,5.0,Very Low
12.22,34.53,0.0,50.0,12.0,5.0,Very Low
12.72,34.53,84.41666666666671,61.0,18.0,5.0,Very Low
13.22,34.53,126.50000000000004,44.0,12.0,5.0,Very Low
13.72,34.53,9.416666666666679,29.0,8.0,6.0,Very Low
14.22,34.53,0.0,24.0,9.0,6.0,Very Low
14.72,34.53,0.0,26.0,9.0,6.0,Very Low
15.22,34.53,0.0,29.0,10.0,5.0,Very Low
15.72,34.53,0.0,24.0,10.0,6.0,Very Low
16.22,34.53,0.0,6.0,0.0,6.0,Very Low
16.72,34.53,0.0,5.0,1.0,6.0,Very Low
17.22,34.53,0.0,7.0,1.0,6.0,Very Low
17.72,34.53,0.0,18.0,3.0,6.0,Very Low
18.22,34.53,0.0,10.0,2.0,6.0,Very Low
18.72,34.53,0.0,18.0,0.0,6.0,Very Low
19.22,34.53,0.0,20.0,0.0,6.0,Very Low
19.72,34.53,0.0,5.0,0.0,6.0,Very Low
20.22,34.53,0.0,15.0,2.0,6.0,Very Low
20.72,34.53,0.0,22.0,2.0,6.0,Very Low
21.22,34.53,0.0,33.0,3.0,6.0,Very Low
21.72,34.53,0.0,27.0,2.0,6.0,Very Low
22.22,34.53,0.0,19.0,1.0,6.0,Very Low
22.72,34.53,0.1666666666666666,16.0,0.0,6.0,Very Low
23.22,34.53,10.416666666666671,15.0,2.0,6.0,Very Low
23.72,34.53,21.000000000000036,27.0,4.0,6.0,Very Low
24.22,34.53,100.33333333333329,39.0,2.0,6.0,Very Low
24.72,34.53,62.50000000000015,70.0,7.0,5.0,Very Low
25.22,34.53,101.99999999999997,78.0,8.0,5.0,Very Low
25.72,34.53,142.16666666666677,17.0,2.0,6.0,Very Low
26.22,34.53,15.333333333333353,35.0,1.0,6.0,Very Low
26.72,34.53,3.750000000000001,23.0,1.0,6.0,Very Low
27.22,34.53,2.9166666666666656,10.0,1.0,6.0,Very Low
27.72,34.53,1.5833333333333335,15.0,1.0,6.0,Very Low
28.22,34.53,0.0,8.0,0.0,6.0,Very Low
28.72,34.53,0.0,7.0,0.0,6.0,Very Low
29.22,34.53,0.0,5.0,0.0,6.0,Very Low
29.72,34.53,0.0,7.0,0.0,6.0,Very Low
30.22,34.53,0.9999999999999998,7.0,0.0,6.0,Very Low
30.72,34.53,3.16666666666667,9.0,1.0,6.0,Very Low
31.22,34.53,4.333333333333335,13.0,1.0,6.0,Very Low
31.72,34.53,11.25000000000002,31.0,2.0,6.0,Very Low
32.22,34.53,191.24999999999991,106.0,13.0,5.0,Very Low
32.72,34.53,134.8333333333333,102.0,6.0,5.0,Very Low
33.22,34.53,390.2499999999995,142.0,11.0,5.0,Very Low
33.72,34.53,167.49999999999986,137.0,14.0,5.0,Very Low
34.22,34.53,117.99999999999983,63.0,7.0,5.0,Very Low
34.72,34.53,14.166666666666703,49.0,10.0,5.0,Very Low
35.22,34.53,0.7500000000000002,96.0,16.0,5.0,Very Low
35.72,34.53,0.0,343.0,46.0,2.0,High
10.22,34.03,0.0,271.0,37.0,3.0,Moderate
10.72,34.03,0.0,244.0,33.0,3.0,Moderate
11.22,34.03,0.0,86.0,17.0,5.0,Very Low
11.72,34.03,0.0,56.0,14.0,5.0,Very Low
12.22,34.03,0.0,62.0,19.0,5.0,Very Low
12.72,34.03,14.583333333333359,47.0,15.0,5.0,Very Low
13.22,34.03,32.83333333333336,36.0,13.0,5.0,Very Low
13.72,34.03,3.4166666666666674,31.0,9.0,6.0,Very Low
14.22,34.03,0.0,27.0,8.0,6.0,Very Low
14.72,34.03,0.0,26.0,9.0,6.0,Very Low
15.22,34.03,0.0,17.0,4.0,6.0,Very Low
15.72,34.03,0.0,10.0,1.0,6.0,Very Low
16.22,34.03,0.0,7.0,0.0,6.0,Very Low
16.72,34.03,0.0,9.0,0.0,6.0,Very Low
17.22,34.03,0.0,6.0,1.0,6.0,Very Low
17.72,34.03,0.0,4.0,1.0,6.0,Very Low
18.22,34.03,0.0,7.0,1.0,6.0,Very Low
18.72,34.03,0.0,17.0,0.0,6.0,Very Low
19.22,34.03,0.0,23.0,1.0,6.0,Very Low
19.72,34.03,0.0,25.0,1.0,6.0,Very Low
20.22,34.03,0.0,18.0,0.0,6.0,Very Low
20.72,34.03,0.0,14.0,0.0,6.0,Very Low
21.22,34.03,0.0,11.0,1.0,6.0,Very Low
21.72,34.03,0.0,9.0,1.0,6.0,Very Low
22.22,34.03,1.5000000000000016,11.0,1.0,6.0,Very Low
22.72,34.03,4.58333333333334,8.0,1.0,6.0,Very Low
23.22,34.03,1.3333333333333346,7.0,0.0,6.0,Very Low
23.72,34.03,8.75000000000001,10.0,1.0,6.0,Very Low
24.22,34.03,25.916666666666693,8.0,0.0,6.0,Very Low
24.72,34.03,38.16666666666667,30.0,1.0,6.0,Very Low
25.22,34.03,12.750000000000028,28.0,0.0,6.0,Very Low
25.72,34.03,28.33333333333334,29.0,1.0,6.0,Very Low
26.22,34.03,22.500000000000014,30.0,0.0,6.0,Very Low
26.72,34.03,3.166666666666667,21.0,0.0,6.0,Very Low
27.22,34.03,0.0,6.0,0.0,6.0,Very Low
27.72,34.03,0.0,6.0,0.0,6.0,Very Low
28.22,34.03,0.0,6.0,0.0,6.0,Very Low
28.72,34.03,0.0,3.0,0.0,6.0,Very Low
29.22,34.03,0.0,3.0,0.0,6.0,Very Low
29.72,34.03,0.0,3.0,0.0,6.0,Very Low
30.22,34.03,0.0,4.0,0.0,6.0,Very Low
30.72,34.03,0.0,9.0,0.0,6.0,Very Low
31.22,34.03,0.7500000000000008,16.0,2.0,6.0,Very Low
31.72,34.03,1.5000000000000018,27.0,2.0,6.0,Very Low
32.22,34.03,104.58333333333333,36.0,1.0,6.0,Very Low
32.72,34.03,67.99999999999997,47.0,7.0,6.0,Very Low
33.22,34.03,24.6666666666667,36.0,6.0,6.0,Very Low
33.72,34.03,18.250000000000032,50.0,10.0,5.0,Very Low
34.22,34.03,7.083333333333337,81.0,13.0,5.0,Very Low
34.72,34.03,1.2500000000000004,91.0,17.0,5.0,Very Low
35.22,34.03,0.0,192.0,37.0,3.0,Moderate
10.72,33.53,0.0,236.0,30.0,3.0,Moderate
11.22,33.53,0.0,177.0,21.0,4.0,Moderate
11.72,33.53,0.0,65.0,11.0,5.0,Very Low
12.22,33.53,0.0,71.0,18.0,5.0,Very Low
12.72,33.53,0.0,62.0,19.0,5.0,Very Low
13.22,33.53,0.0,40.0,13.0,5.0,Very Low
13.72,33.53,0.0,40.0,12.0,5.0,Very Low
14.22,33.53,0.0,31.0,11.0,5.0,Very Low
14.72,33.53,0.0,26.0,10.0,5.0,Very Low
15.22,33.53,0.0,14.0,6.0,6.0,Very Low
15.72,33.53,0.0,8.0,1.0,6.0,Very Low
16.22,33.53,0.0,5.0,1.0,6.0,Very Low
16.72,33.53,0.0,4.0,1.0,6.0,Very Low
17.22,33.53,0.0,1.0,1.0,6.0,Very Low
17.72,33.53,0.0,1.0,1.0,6.0,Very Low
18.22,33.53,0.0,5.0,1.0,6.0,Very Low
18.72,33.53,0.0,13.0,1.0,6.0,Very Low
19.22,33.53,0.0,20.0,0.0,6.0,Very Low
19.72,33.53,0.0,45.0,1.0,6.0,Very Low
20.22,33.53,0.0,43.0,1.0,6.0,Very Low
20.72,33.53,0.0,19.0,0.0,6.0,Very Low
21.22,33.53,0.0,19.0,0.0,6.0,Very Low
21.72,33.53,0.0,19.0,0.0,6.0,Very Low
22.22,33.53,0.0,15.0,1.0,6.0,Very Low
22.72,33.53,2.000000000000001,11.0,1.0,6.0,Very Low
23.22,33.53,0.0,12.0,1.0,6.0,Very Low
23.72,33.53,0.0,6.0,1.0,6.0,Very Low
24.22,33.53,0.0,4.0,1.0,6.0,Very Low
24.72,33.53,0.0,9.0,0.0,6.0,Very Low
25.22,33.53,5.833333333333337,6.0,0.0,6.0,Very Low
25.72,33.53,9.333333333333345,10.0,0.0,6.0,Very Low
26.22,33.53,0.0,12.0,0.0,6.0,Very Low
26.72,33.53,0.0,5.0,0.0,6.0,Very Low
27.22,33.53,0.0,2.0,0.0,6.0,Very Low
27.72,33.53,0.0,1.0,0.0,6.0,Very Low
28.22,33.53,0.0,2.0,0.0,6.0,Very Low
28.72,33.53,0.0,2.0,0.0,6.0,Very Low
29.22,33.53,0.0,3.0,0.0,6.0,Very Low
29.72,33.53,0.0,4.0,0.0,6.0,Very Low
30.22,33.53,0.0,3.0,0.0,6.0,Very Low
30.72,33.53,0.4166666666666669,5.0,0.0,6.0,Very Low
31.22,33.53,0.0,11.0,2.0,6.0,Very Low
31.72,33.53,0.0,15.0,2.0,6.0,Very Low
32.22,33.53,0.0,15.0,2.0,6.0,Very Low
32.72,33.53,12.000000000000021,23.0,2.0,6.0,Very Low
33.22,33.53,11.833333333333355,31.0,6.0,6.0,Very Low
33.72,33.53,3.666666666666669,44.0,10.0,5.0,Very Low
34.22,33.53,0.0,76.0,13.0,5.0,Very Low
34.72,33.53,3.9166666666666705,135.0,31.0,4.0,Moderate
35.22,33.53,0.0,391.0,52.0,1.0,Very High
12.22,33.03,0.0,108.0,14.0,5.0,Very Low
12.72,33.03,0.0,83.0,20.0,4.0,Moderate
13.22,33.03,0.0,100.0,26.0,4.0,Moderate
13.72,33.03,0.0,97.0,26.0,4.0,Moderate
14.22,33.03,0.0,81.0,22.0,4.0,Moderate
14.72,33.03,0.0,61.0,23.0,4.0,Moderate
15.22,33.03,0.0,33.0,12.0,5.0,Very Low
15.72,33.03,0.0,12.0,2.0,6.0,Very Low
16.22,33.03,0.0,10.0,1.0,6.0,Very Low
16.72,33.03,0.0,7.0,1.0,6.0,Very Low
17.22,33.03,0.0,5.0,1.0,6.0,Very Low
17.72,33.03,0.0,1.0,1.0,6.0,Very Low
18.22,33.03,0.0,8.0,1.0,6.0,Very Low
18.72,33.03,0.0,16.0,1.0,6.0,Very Low
19.22,33.03,0.0,21.0,1.0,6.0,Very Low
19.72,33.03,0.0,21.0,0.0,6.0,Very Low
20.22,33.03,0.0,42.0,2.0,6.0,Very Low
20.72,33.03,0.0,44.0,2.0,6.0,Very Low
21.22,33.03,0.0,39.0,1.0,6.0,Very Low
21.72,33.03,0.0,19.0,1.0,6.0,Very Low
22.22,33.03,0.0,21.0,3.0,6.0,Very Low
22.72,33.03,0.0,20.0,2.0,6.0,Very Low
23.22,33.03,0.0,21.0,3.0,6.0,Very Low
23.72,33.03,0.0,11.0,0.0,6.0,Very Low
24.22,33.03,0.0,7.0,1.0,6.0,Very Low
24.72,33.03,0.0,8.0,1.0,6.0,Very Low
25.22,33.03,0.0,8.0,0.0,6.0,Very Low
25.72,33.03,0.0,8.0,0.0,6.0,Very Low
26.22,33.03,0.0,6.0,0.0,6.0,Very Low
26.72,33.03,0.0,6.0,0.0,6.0,Very Low
27.22,33.03,0.0,7.0,0.0,6.0,Very Low
27.72,33.03,0.0,5.0,0.0,6.0,Very Low
28.22,33.03,0.0,5.0,0.0,6.0,Very Low
28.72,33.03,0.0,4.0,0.0,6.0,Very Low
29.22,33.03,0.0,3.0,0.0,6.0,Very Low
29.72,33.03,0.0,5.0,0.0,6.0,Very Low
30.22,33.03,4.41666666666667,8.0,0.0,6.0,Very Low
30.72,33.03,0.0,9.0,1.0,6.0,Very Low
31.22,33.03,0.0,6.0,1.0,6.0,Very Low
31.72,33.03,0.0,5.0,0.0,6.0,Very Low
32.22,33.03,0.0,7.0,1.0,6.0,Very Low
32.72,33.03,1.4166666666666665,11.0,2.0,6.0,Very Low
33.22,33.03,0.0,24.0,4.0,6.0,Very Low
33.72,33.03,0.0,43.0,10.0,5.0,Very Low
34.22,33.03,0.41666666666666685,74.0,14.0,5.0,Very Low
34.72,33.03,0.0833333333333333,282.0,43.0,3.0,Moderate
14.72,32.53,0.0,134.0,20.0,4.0,Moderate
15.22,32.53,0.0,64.0,17.0,5.0,Very Low
15.72,32.53,0.0,25.0,9.0,6.0,Very Low
16.22,32.53,0.0,9.0,1.0,6.0,Very Low
16.72,32.53,0.0,10.0,1.0,6.0,Very Low
17.22,32.53,0.0,11.0,1.0,6.0,Very Low
17.72,32.53,0.0,10.0,1.0,6.0,Very Low
18.22,32.53,0.0,7.0,1.0,6.0,Very Low
18.72,32.53,0.0,14.0,1.0,6.0,Very Low
19.22,32.53,0.0,21.0,5.0,6.0,Very Low
19.72,32.53,0.0,48.0,11.0,5.0,Very Low
20.22,32.53,0.0,57.0,8.0,5.0,Very Low
23.22,32.53,0.0,105.0,12.0,5.0,Very Low
23.72,32.53,0.0,26.0,4.0,6.0,Very Low
24.22,32.53,0.0,19.0,2.0,6.0,Very Low
24.72,32.53,0.0,14.0,0.0,6.0,Very Low
25.22,32.53,0.0,7.0,0.0,6.0,Very Low
25.72,32.53,0.0,12.0,0.0,6.0,Very Low
26.22,32.53,0.0,10.0,0.0,6.0,Very Low
26.72,32.53,0.0,12.0,0.0,6.0,Very Low
27.22,32.53,0.0,13.0,0.0,6.0,Very Low
27.72,32.53,0.0,20.0,0.0,6.0,Very Low
28.22,32.53,0.0,13.0,0.0,6.0,Very Low
28.72,32.53,0.0,11.0,0.0,6.0,Very Low
29.22,32.53,0.0,8.0,0.0,6.0,Very Low
29.72,32.53,0.6666666666666671,7.0,0.0,6.0,Very Low
30.22,32.53,0.583333333333334,9.0,0.0,6.0,Very Low
30.72,32.53,0.0,12.0,0.0,6.0,Very Low
31.22,32.53,0.0,12.0,0.0,6.0,Very Low
31.72,32.53,0.0,20.0,3.0,6.0,Very Low
32.22,32.53,0.0,18.0,4.0,6.0,Very Low
32.72,32.53,0.0,16.0,6.0,6.0,Very Low
33.22,32.53,0.0,29.0,11.0,5.0,Very Low
33.72,32.53,0.0,45.0,12.0,5.0,Very Low
34.22,32.53,0.0,122.0,24.0,4.0,Moderate
34.72,32.53,68.58333333333339,424.0,55.0,1.0,Very High
15.72,32.03,0.0,29.0,9.0,6.0,Very Low
16.22,32.03,0.0,25.0,9.0,6.0,Very Low
16.72,32.03,0.0,11.0,2.0,6.0,Very Low
17.22,32.03,0.0,14.0,2.0,6.0,Very Low
17.72,32.03,0.0,13.0,2.0,6.0,Very Low
18.22,32.03,0.0,15.0,2.0,6.0,Very Low
18.72,32.03,0.0,13.0,3.0,6.0,Very Low
19.22,32.03,0.0,20.0,6.0,6.0,Very Low
19.72,32.03,0.0,59.0,12.0,5.0,Very Low
24.22,32.03,0.0,75.0,7.0,5.0,Very Low
24.72,32.03,0.0,67.0,9.0,5.0,Very Low
25.22,32.03,0.0,31.0,3.0,6.0,Very Low
25.72,32.03,0.0,19.0,1.0,6.0,Very Low
26.22,32.03,0.0,17.0,1.0,6.0,Very Low
26.72,32.03,0.0,21.0,1.0,6.0,Very Low
27.22,32.03,0.0,24.0,1.0,6.0,Very Low
27.72,32.03,0.0,18.0,0.0,6.0,Very Low
28.22,32.03,0.0,17.0,0.0,6.0,Very Low
28.72,32.03,0.0,11.0,0.0,6.0,Very Low
29.22,32.03,0.0,10.0,0.0,6.0,Very Low
29.72,32.03,0.0,14.0,0.0,6.0,Very Low
30.22,32.03,1.2500000000000002,31.0,5.0,6.0,Very Low
30.72,32.03,10.166666666666673,42.0,6.0,6.0,Very Low
31.22,32.03,0.0,41.0,7.0,6.0,Very Low
31.72,32.03,0.0,42.0,7.0,6.0,Very Low
32.22,32.03,0.0,43.0,9.0,5.0,Very Low
32.72,32.03,0.0,27.0,10.0,5.0,Very Low
33.22,32.03,0.0,34.0,10.0,5.0,Very Low
33.72,32.03,0.0,64.0,14.0,5.0,Very Low
34.22,32.03,29.249999999999996,272.0,44.0,3.0,Moderate
34.72,32.03,402.6666666666663,386.0,53.0,1.0,Very High
15.72,31.53,0.0,27.0,5.0,6.0,Very Low
16.22,31.53,0.0,19.0,5.0,6.0,Very Low
16.72,31.53,0.0,20.0,8.0,6.0,Very Low
17.22,31.53,0.0,29.0,11.0,5.0,Very Low
17.72,31.53,0.0,22.0,6.0,6.0,Very Low
18.22,31.53,0.0,24.0,8.0,6.0,Very Low
18.72,31.53,0.0,19.0,5.0,6.0,Very Low
19.22,31.53,0.0,45.0,15.0,5.0,Very Low
19.72,31.53,0.0,72.0,10.0,5.0,Very Low
25.22,31.53,0.0,62.0,9.0,5.0,Very Low
26.72,31.53,0.0,34.0,5.0,6.0,Very Low
27.22,31.53,0.0,19.0,1.0,6.0,Very Low
27.72,31.53,0.0,24.0,2.0,6.0,Very Low
28.22,31.53,0.0,24.0,1.0,6.0,Very Low
28.72,31.53,0.0,25.0,2.0,6.0,Very Low
29.22,31.53,0.0,29.0,3.0,6.0,Very Low
29.72,31.53,0.0,59.0,13.0,5.0,Very Low
30.22,31.53,0.0,70.0,8.0,5.0,Very Low
30.72,31.53,0.0,112.0,14.0,5.0,Very Low
31.72,31.53,0.0,125.0,14.0,5.0,Very Low
32.22,31.53,0.0,111.0,15.0,5.0,Very Low
32.72,31.53,0.0,99.0,14.0,5.0,Very Low
33.22,31.53,0.0,85.0,12.0,5.0,Very Low
33.72,31.53,0.0,79.0,10.0,5.0,Very Low
34.22,31.53,222.75000000000009,306.0,36.0,2.0,High
17.72,31.03,0.0,47.0,9.0,5.0,Very Low
18.22,31.03,0.0,33.0,8.0,6.0,Very Low
18.72,31.03,0.0,35.0,11.0,5.0,Very Low
19.22,31.03,0.0,33.0,11.0,5.0,Very Low
19.72,31.03,0.0,42.0,8.0,6.0,Very Low
28.72,31.03,0.0,114.0,20.0,4.0,Moderate
29.22,31.03,0.0,99.0,19.0,4.0,Moderate
18.72,30.53,0.0,47.0,9.0,5.0,Very Low
19.22,30.53,0.0,38.0,12.0,5.0,Very Low
19.72,30.53,0.0,58.0,8.0,5.0,Very Low
